﻿league_id,league_name,country,priority,quality_score
61,Ligue 1,France,1,100
39,Premier League,England,1,100
78,Bundesliga,Germany,1,100
135,Serie A,Italy,1,100
140,La Liga,Spain,1,100
2,UEFA Champions League,World,1,100
3,UEFA Europa League,World,1,100
848,UEFA Europa Conference League,World,1,100
144,Jupiler Pro League,Belgium,2,100
71,Serie A,Brazil,2,100
88,Eredivisie,Netherlands,2,100
94,Primeira Liga,Portugal,2,100
179,Premiership,Scotland,2,100
203,Süper Lig,Turkey,2,100
233,Premier League,Egypt,2,100
188,A-League,Australia,2,100
218,Bundesliga,Austria,2,100
197,Super League 1,Greece,2,100
253,Major League Soccer,USA,2,100
98,J1 League,Japan,2,100
128,Liga Profesional Argentina,Argentina,2,100
169,Super League,China,2,100
207,Super League,Switzerland,2,100
235,Premier League,Russia,2,100
239,Primera A,Colombia,2,100
262,Liga MX,Mexico,2,100
292,K League 1,South-Korea,2,100
307,Pro League,Saudi-Arabia,2,100
274,Liga 1,Indonesia,2,100
265,Primera División,Chile,2,100
65,Coupe de la Ligue,France,3,95
529,Super Cup,Germany,3,95
547,Super Cup,Italy,3,95
556,Super Cup,Spain,3,95
817,Super Cup Primavera,Italy,3,95
891,Coppa Italia Serie C,Italy,3,95
871,Premier League Cup,England,3,95
892,Coppa Italia Serie D,Italy,3,95
974,Serie C - Supercoppa Lega Finals,Italy,3,95
1058,Supercopa Femenina,Spain,3,95
1156,National League Cup,England,3,95
551,Super Cup,Turkey,3,90
519,Super Cup,Belgium,3,90
543,Super Cup,Netherlands,3,90
550,Super Cup,Portugal,3,90
632,Supercopa do Brasil,Brazil,3,90
483,Copa de la Superliga,Argentina,3,90
810,Super Copa,Argentina,3,90
1032,Copa de la Liga Profesional,Argentina,3,90
1178,Super Copa International,Argentina,3,90
62,Ligue 2,France,3,85
40,Championship,England,3,85
43,National League,England,3,85
63,National 1,France,3,85
67,National 2 - Group A,France,3,85
68,National 2 - Group B,France,3,85
69,National 2 - Group C,France,3,85
70,National 2 - Group D,France,3,85
79,2. Bundesliga,Germany,3,85
136,Serie B,Italy,3,85
138,Serie C - Girone A,Italy,3,85
142,Primera División Femenina,Spain,3,85
49,National League - Play-offs,England,3,85
942,Serie C - Girone B,Italy,3,85
943,Serie C - Girone C,Italy,3,85
50,National League - North,England,3,85
51,National League - South,England,3,85
58,Non League Premier - Isthmian,England,3,85
59,Non League Premier - Northern,England,3,85
60,Non League Premier - Southern South,England,3,85
426,Serie D - Girone A,Italy,3,85
427,Serie D - Girone B,Italy,3,85
428,Serie D - Girone C,Italy,3,85
429,Serie D - Girone D,Italy,3,85
430,Serie D - Girone E,Italy,3,85
431,Serie D - Girone F,Italy,3,85
432,Serie D - Girone G,Italy,3,85
433,Serie D - Girone H,Italy,3,85
434,Serie D - Girone I,Italy,3,85
435,Primera División RFEF - Group 1,Spain,3,85
436,Primera División RFEF - Group 2,Spain,3,85
438,Primera División RFEF - Group 4,Spain,3,85
692,Primera División RFEF - Group 5,Spain,3,85
695,U18 Premier League - North,England,3,85
696,U18 Premier League - South,England,3,85
702,Premier League 2 Division One,England,3,85
703,Professional Development League,England,3,85
744,Oberliga - Schleswig-Holstein,Germany,3,85
745,Oberliga - Hamburg,Germany,3,85
746,Oberliga - Mittelrhein,Germany,3,85
747,Oberliga - Westfalen,Germany,3,85
748,Oberliga - Niedersachsen,Germany,3,85
749,Oberliga - Bremen,Germany,3,85
750,Oberliga - Hessen,Germany,3,85
751,Oberliga - Niederrhein,Germany,3,85
752,Oberliga - Rheinland-Pfalz / Saar,Germany,3,85
753,Oberliga - Baden-Württemberg,Germany,3,85
754,Oberliga - Nordost-Nord,Germany,3,85
755,Oberliga - Nordost-Süd,Germany,3,85
931,Non League Premier - Southern Central,England,3,85
975,Serie C - Relegation - Play-offs,Italy,3,85
976,Serie C - Promotion - Play-offs,Italy,3,85
984,National League - North - Play-offs,England,3,85
985,National League - South - Play-offs,England,3,85
987,U18 Premier League - Championship,England,3,85
988,Oberliga - Promotion Round,Germany,3,85
989,Oberliga - Relegation Round,Germany,3,85
993,Non League Premier - Isthmian - Play-offs,England,3,85
994,Non League Premier - Northern - Play-offs,England,3,85
995,Non League Premier - Southern South - Play-offs,England,3,85
996,Non League Premier - Southern Central - Play-offs,England,3,85
997,Serie D - Promotion - Play-offs,Italy,3,85
998,Serie D - Relegation - Play-offs,Italy,3,85
999,Serie D - Championship Round,Italy,3,85
1006,Primera División RFEF - Play Offs,Spain,3,85
938,Oberliga - Bayern Nord,Germany,3,85
939,Oberliga - Bayern Süd,Germany,3,85
45,FA Cup,England,3,80
48,League Cup,England,3,80
66,Coupe de France,France,3,80
131,Primera B Metropolitana,Argentina,3,80
129,Primera Nacional,Argentina,3,80
132,Primera C,Argentina,3,80
133,Primera D,Argentina,3,80
81,DFB Pokal,Germany,3,80
72,Serie B,Brazil,3,80
75,Serie C,Brazil,3,80
76,Serie D,Brazil,3,80
539,Super Cup,Egypt,3,80
527,Super Cup,Chile,3,80
925,Super Cup,Czech-Republic,3,80
95,Segunda Liga,Portugal,3,80
137,Coppa Italia,Italy,3,80
555,Supercupa,Romania,3,80
514,Coupe Nationale,Algeria,3,80
516,Super Cup,Algeria,3,80
545,AIFF Super Cup,India,3,80
557,Super Cup,Norway,3,80
143,Copa del Rey,Spain,3,80
517,Trofeo de Campeones de la Superliga,Argentina,3,80
385,Toto Cup Ligat Al,Israel,3,80
97,Taça da Liga,Portugal,3,80
656,Super Cup,Bulgaria,3,80
659,Super Cup,Israel,3,80
663,Super Cup,Russia,3,80
678,Super Cup,Ukraine,3,80
697,WSL Cup,England,3,80
704,Coppa Italia Primavera,Italy,3,80
708,Super Cup,Albania,3,80
727,Super Cup,Poland,3,80
735,Copa Federacion,Spain,3,80
832,Coupe de la Ligue,Algeria,3,80
838,Super Cup,Jordan,3,80
548,Super Cup,Japan,3,80
558,Supercopa,Peru,3,80
864,Supercopa,Costa-Rica,3,80
905,Super Cup,Iran,3,80
812,Super Cup,Belarus,3,80
826,Super Cup,Saudi-Arabia,3,80
839,Super Cup,Lithuania,3,80
842,Super Copa,Uruguay,3,80
853,Supercopa de Ecuador,Ecuador,3,80
961,Supercopa,Paraguay,3,80
972,Super Cup,China,3,80
1021,Super Cup,Croatia,3,80
1044,Erste Liga Cup,Switzerland,3,80
1144,Super Cup,Ghana,3,80
1166,Super Cup,Cameroon,3,80
1176,Super Cup,Latvia,3,80
1181,Supercopa,Venezuela,3,80
206,Cup,Turkey,3,75
73,Copa Do Brasil,Brazil,3,75
130,Copa Argentina,Argentina,3,75
147,Cup,Belgium,3,75
612,Copa do Nordeste,Brazil,3,75
742,Copa Paulista,Brazil,3,75
843,Copa Verde,Brazil,3,75
1035,Copa Rio,Brazil,3,75
1036,Copa Santa Catarina,Brazil,3,75
1097,Copa Espírito Santo,Brazil,3,75
1059,Recopa Catarinense,Brazil,3,75
1063,Copa Alagoas,Brazil,3,75
1158,Copa Gaúcha,Brazil,3,75
1165,Copa Fares Lopes,Brazil,3,75
1184,Copa Grão Pará,Brazil,3,75
180,Championship,Scotland,3,70
46,EFL Trophy,England,3,70
47,FA Trophy,England,3,70
41,League One,England,3,70
42,League Two,England,3,70
336,Druha Liga,Ukraine,3,70
334,Persha Liga,Ukraine,3,70
333,Premier League,Ukraine,3,70
202,Ligue 1,Tunisia,3,70
370,Primera Division,El-Salvador,3,70
191,Brisbane Premier League,Australia,3,70
193,Northern Territory Premier League,Australia,3,70
219,2. Liga,Austria,3,70
299,Primera División,Venezuela,3,70
322,Premier League,Jamaica,3,70
119,Superliga,Denmark,3,70
120,1. Division,Denmark,3,70
124,Denmark Series - Group 1,Denmark,3,70
125,Denmark Series - Group 2,Denmark,3,70
234,Liga Nacional,Honduras,3,70
390,Premier League,Lebanon,3,70
570,Premier League,Ghana,3,70
339,Liga Nacional,Guatemala,3,70
338,Primera Division,Guatemala,3,70
311,1st Division,Albania,3,70
310,Superliga,Albania,3,70
186,Ligue 1,Algeria,3,70
187,Ligue 2,Algeria,3,70
598,Première Division,Mali,3,70
268,Primera División - Apertura,Uruguay,3,70
270,Primera División - Clausura,Uruguay,3,70
526,Trophée des Champions,France,3,70
242,Liga Pro,Ecuador,3,70
243,Liga Pro Serie B,Ecuador,3,70
116,Premier League,Belarus,3,70
117,1. Division,Belarus,3,70
118,2. Division,Belarus,3,70
364,1. Liga,Latvia,3,70
365,Virsliga,Latvia,3,70
122,2. Division,Denmark,3,70
255,USL Championship,USA,3,70
592,Division 2 - Norra Götaland,Sweden,3,70
593,Division 2 - Norra Svealand,Sweden,3,70
594,Division 2 - Norrland,Sweden,3,70
595,Division 2 - Södra Svealand,Sweden,3,70
596,Division 2 - Västra Götaland,Sweden,3,70
597,Division 2 - Östra Götaland,Sweden,3,70
141,Segunda División,Spain,3,70
103,Eliteserien,Norway,3,70
162,Primera División,Costa-Rica,3,70
250,Division Profesional - Apertura,Paraguay,3,70
240,Primera B,Colombia,3,70
44,FA WSL,England,3,70
251,Division Intermedia,Paraguay,3,70
104,1. Division,Norway,3,70
114,Superettan,Sweden,3,70
263,Liga de Expansión MX,Mexico,3,70
259,Canadian Championship,Canada,3,70
278,Super League,Malaysia,3,70
279,Premier League,Malaysia,3,70
281,Primera División,Peru,3,70
283,Liga I,Romania,3,70
284,Liga II,Romania,3,70
286,Super Liga,Serbia,3,70
287,Prva Liga,Serbia,3,70
288,Premier Soccer League,South-Africa,3,70
289,1st Division,South-Africa,3,70
308,Division 1,Saudi-Arabia,3,70
309,Division 2,Saudi-Arabia,3,70
252,Division Profesional - Clausura,Paraguay,3,70
127,Denmark Series - Group 4,Denmark,3,70
368,Premier League,Singapore,3,70
382,Liga Leumit,Israel,3,70
383,Ligat Ha'al,Israel,3,70
386,Ligue 1,Ivory-Coast,3,70
394,Super Liga,Moldova,3,70
403,Ligue 1,Senegal,3,70
496,Liga Alef,Israel,3,70
506,2. liga,Slovakia,3,70
304,Liga Panameña de Fútbol,Panama,3,70
425,Premier League,Syria,3,70
337,Druha Liga - Group B,Ukraine,3,70
510,1. Liga Promotion,Switzerland,3,70
163,Liga de Ascenso,Costa-Rica,3,70
266,Primera B,Chile,3,70
323,Indian Super League,India,3,70
107,I Liga,Poland,3,70
332,Super Liga,Slovakia,3,70
345,Czech Liga,Czech-Republic,3,70
344,Primera División,Bolivia,3,70
638,Kvindeliga,Denmark,3,70
224,Landesliga - Burgenland,Austria,3,70
225,Landesliga - Karnten,Austria,3,70
226,Landesliga - Niederosterreich,Austria,3,70
227,Landesliga - Oberosterreich,Austria,3,70
228,Landesliga - Salzburg,Austria,3,70
229,Landesliga - Steiermark,Austria,3,70
230,Landesliga - Tirol,Austria,3,70
231,Landesliga - Vorarlbergliga,Austria,3,70
232,Landesliga - Wien,Austria,3,70
423,Ligue 1,Burkina-Faso,3,70
350,4. liga - Divizie A,Czech-Republic,3,70
351,4. liga - Divizie B,Czech-Republic,3,70
352,4. liga - Divizie C,Czech-Republic,3,70
353,4. liga - Divizie D,Czech-Republic,3,70
354,4. liga - Divizie E,Czech-Republic,3,70
52,Non League Div One - Isthmian North,England,3,70
53,Non League Div One - Isthmian South Central,England,3,70
54,Non League Div One - Northern West,England,3,70
55,Non League Div One - Northern Midlands,England,3,70
56,Non League Div One - Southern South,England,3,70
57,Non League Div One - Isthmian South East,England,3,70
109,II Liga - East,Poland,3,70
473,2. Division - Group 1,Norway,3,70
474,2. Division - Group 2,Norway,3,70
494,Super League 2,Greece,3,70
572,Srpska Liga - Belgrade,Serbia,3,70
573,Srpska Liga - Vojvodina,Serbia,3,70
574,Srpska Liga - East,Serbia,3,70
575,Srpska Liga - West,Serbia,3,70
599,1. Liga Classic - Group 1,Switzerland,3,70
600,1. Liga Classic - Group 2,Switzerland,3,70
275,Liga 2,Indonesia,3,70
395,Liga 1,Moldova,3,70
686,4. liga - Divizie F,Czech-Republic,3,70
479,Canadian Premier League,Canada,3,70
705,Campionato Primavera - 1,Italy,3,70
706,Campionato Primavera - 2,Italy,3,70
712,Liga Femenina,Colombia,3,70
713,Superliga,Colombia,3,70
722,Liga Premier Serie A,Mexico,3,70
728,Liga 1 Feminin,Romania,3,70
780,III Liga - Group 1,Poland,3,70
781,III Liga - Group 2,Poland,3,70
783,III Liga - Group 4,Poland,3,70
784,Liga III - Serie 1,Romania,3,70
785,Liga III - Serie 2,Romania,3,70
787,Liga III - Serie 4,Romania,3,70
788,Liga III - Serie 5,Romania,3,70
789,Liga III - Serie 6,Romania,3,70
790,Liga III - Serie 7,Romania,3,70
791,Liga III - Serie 8,Romania,3,70
792,Liga III - Serie 9,Romania,3,70
793,Liga III - Serie 10,Romania,3,70
828,Ligue 2,Tunisia,3,70
872,Liga Premier Serie B,Mexico,3,70
875,Segunda División RFEF - Group 1,Spain,3,70
876,Segunda División RFEF - Group 2,Spain,3,70
878,Segunda División RFEF - Group 4,Spain,3,70
879,Segunda División RFEF - Group 5,Spain,3,70
725,Toppserien,Norway,3,70
833,Queensland Premier League,Australia,3,70
982,Denmark Series - Promotion Round,Denmark,3,70
983,Denmark Series - Relegation Round,Denmark,3,70
986,Non League Div One - Play-offs,England,3,70
992,Football League - Championship,Scotland,3,70
1000,Segunda División RFEF - Play-offs,Spain,3,70
1005,1. Liga Classic - Play-offs,Switzerland,3,70
1009,Liga III - Play-offs,Romania,3,70
932,Non League Div One - Northern East,England,3,70
933,Non League Div One - Southern Central,England,3,70
1020,Calcutta Premier Division,India,3,70
1053,Division 2 - Play-offs,Sweden,3,70
1054,2. Division - Play-offs,Norway,3,70
1091,Tasmania Northern Championship,Australia,3,70
1093,Tasmania Southern Championship,Australia,3,70
1130,USL Super League,USA,3,70
1182,Northern Super League,Canada,3,70
335,Cup,Ukraine,3,65
204,1. Lig,Turkey,3,65
205,2. Lig,Turkey,3,65
134,Torneo Federal A,Argentina,3,65
220,Cup,Austria,3,65
199,Cup,Greece,3,65
80,3. Liga,Germany,3,65
257,US Open Cup,USA,3,65
246,Suomen Cup,Finland,3,65
102,Emperor Cup,Japan,3,65
101,J-League Cup,Japan,3,65
121,DBU Pokalen,Denmark,3,65
505,League Cup,Singapore,3,65
298,FA Cup,Thailand,3,65
520,Acreano,Brazil,3,65
511,Cup,Tunisia,3,65
89,Eerste Divisie,Netherlands,3,65
90,KNVB Beker,Netherlands,3,65
145,Challenger Pro League,Belgium,3,65
522,Amazonense,Brazil,3,65
96,Taça de Portugal,Portugal,3,65
495,Hazfi Cup,Iran,3,65
521,Amapaense,Brazil,3,65
827,Crown Prince Cup,Saudi-Arabia,3,65
174,Cup,Bulgaria,3,65
77,Alagoano,Brazil,3,65
185,League Cup,Scotland,3,65
492,Tweede Divisie,Netherlands,3,65
504,King's Cup,Saudi-Arabia,3,65
507,Cup,South-Africa,3,65
508,League Cup,South-Africa,3,65
499,Malaysia Cup,Malaysia,3,65
212,Cup,Croatia,3,65
384,State Cup,Israel,3,65
285,Cupa României,Romania,3,65
714,Cup,Egypt,3,65
677,QSL Cup,Qatar,3,65
92,Derde Divisie - Saturday,Netherlands,3,65
93,Derde Divisie - Sunday,Netherlands,3,65
437,Primera División RFEF - Group 3,Spain,3,65
457,Campeonato de Portugal Prio - Group A,Portugal,3,65
458,Campeonato de Portugal Prio - Group B,Portugal,3,65
459,Campeonato de Portugal Prio - Group C,Portugal,3,65
460,Campeonato de Portugal Prio - Group D,Portugal,3,65
461,National 3 - Group A,France,3,65
462,National 3 - Group B,France,3,65
463,National 3 - Group C,France,3,65
464,National 3 - Group D,France,3,65
465,National 3 - Group E,France,3,65
466,National 3 - Group F,France,3,65
467,National 3 - Group H,France,3,65
468,National 3 - Group I,France,3,65
469,National 3 - Group J,France,3,65
470,National 3 - Group K,France,3,65
471,National 3 - Group L,France,3,65
472,National 3 - Group M,France,3,65
486,Coppa,Belarus,3,65
501,Copa Paraguay,Paraguay,3,65
502,Copa Bicentenario,Peru,3,65
503,Copa Perú,Peru,3,65
509,8 Cup,South-Africa,3,65
613,Baiano - 2,Brazil,3,65
620,Cearense - 2,Brazil,3,65
625,Carioca - 2,Brazil,3,65
267,Copa Chile,Chile,3,65
171,FA Cup,China,3,65
241,Copa Colombia,Colombia,3,65
264,Copa MX,Mexico,3,65
209,Schweizer Cup,Switzerland,3,65
115,Svenska Cupen,Sweden,3,65
375,Cup,Slovenia,3,65
181,FA Cup,Scotland,3,65
182,Challenge Cup,Scotland,3,65
237,Cup,Russia,3,65
108,Cup,Poland,3,65
105,NM Cupen,Norway,3,65
294,FA Cup,South-Korea,3,65
347,Cup,Czech-Republic,3,65
602,Baiano - 1,Brazil,3,65
603,Paraibano,Brazil,3,65
604,Catarinense - 1,Brazil,3,65
606,Paranaense - 1,Brazil,3,65
607,Roraimense,Brazil,3,65
608,Maranhense,Brazil,3,65
609,Cearense - 1,Brazil,3,65
610,Brasiliense,Brazil,3,65
611,Capixaba,Brazil,3,65
614,Paranaense - 2,Brazil,3,65
615,Rondoniense,Brazil,3,65
616,Potiguar,Brazil,3,65
619,Mineiro - 2,Brazil,3,65
621,Piauiense,Brazil,3,65
622,Pernambucano - 1,Brazil,3,65
623,Sul-Matogrossense,Brazil,3,65
624,Carioca - 1,Brazil,3,65
626,Sergipano,Brazil,3,65
627,Paraense,Brazil,3,65
628,Goiano - 1,Brazil,3,65
629,Mineiro - 1,Brazil,3,65
630,Matogrossense,Brazil,3,65
631,Tocantinense,Brazil,3,65
657,Cup,Estonia,3,65
658,Cup,Latvia,3,65
661,Cup,Lithuania,3,65
662,Copa por México,Mexico,3,65
674,Cupa,Moldova,3,65
680,Cup,Slovakia,3,65
681,Campeonato de Portugal Prio - Group E,Portugal,3,65
682,Campeonato de Portugal Prio - Group F,Portugal,3,65
683,Campeonato de Portugal Prio - Group G,Portugal,3,65
684,Campeonato de Portugal Prio - Group H,Portugal,3,65
700,Kakkosen Cup,Finland,3,65
475,Paulista - A1,Brazil,3,65
476,Paulista - A2,Brazil,3,65
477,Gaúcho - 1,Brazil,3,65
478,Gaúcho - 2,Brazil,3,65
500,FA Cup,Malaysia,3,65
707,Cup,Albania,3,65
723,Cup,Montenegro,3,65
724,U18 Divisie 1,Netherlands,3,65
732,Cup,Serbia,3,65
741,Brasileiro de Aspirantes,Brazil,3,65
816,Shield Cup,Jordan,3,65
822,Cup,Morocco,3,65
841,QFA Cup,Qatar,3,65
863,Cup,Jordan,3,65
873,Thai Champions Cup,Thailand,3,65
874,Australia Cup,Australia,3,65
895,League Cup,Egypt,3,65
898,League Cup,Thailand,3,65
824,Emir Cup,Qatar,3,65
825,Qatar Cup,Qatar,3,65
851,Carioca A2,Brazil,3,65
899,League Cup,Finland,3,65
901,Ykköscup,Finland,3,65
917,Copa Ecuador,Ecuador,3,65
930,Copa Uruguay,Uruguay,3,65
966,Cup,Ghana,3,65
967,Cup,Lebanon,3,65
991,Campeonato de Portugal Prio - Promotion Round,Portugal,3,65
1004,Derde Divisie - Relegation Round,Netherlands,3,65
936,Catarinense - 2,Brazil,3,65
958,Copa Costa Rica,Costa-Rica,3,65
959,Cup,Singapore,3,65
964,Copa de la División Profesional,Bolivia,3,65
1018,Federation Cup,Lebanon,3,65
1029,National 3 - Group G,France,3,65
1030,Goiano - 2,Brazil,3,65
1037,Paraibano 2,Brazil,3,65
1074,SWPL Cup,Scotland,3,65
1078,SWF Scottish Cup,Scotland,3,65
1095,USL League One Cup,USA,3,65
1096,Matogrossense 2,Brazil,3,65
1098,Paulista Série B,Brazil,3,65
1106,Carioca C,Brazil,3,65
1113,Copa Venezuela,Venezuela,3,65
1115,Paraense B2,Brazil,3,65
1125,Pernambucano - 2,Brazil,3,65
1062,Paulista - A4,Brazil,3,65
1134,Amazonense - 2,Brazil,3,65
1135,Sergipano - 2,Brazil,3,65
1141,Brasiliense B,Brazil,3,65
1145,Paraense B1,Brazil,3,65
1146,Alagoano - 2,Brazil,3,65
1148,Maranhense - 2,Brazil,3,65
1149,Potiguar - 2,Brazil,3,65
1155,Carioca B2,Brazil,3,65
1167,Recopa,Costa-Rica,3,65
1170,MFL Cup,Malaysia,3,65
1147,Capixaba B,Brazil,3,65
865,Liga 3,Portugal,3,60
